"ID","Callsign","Contacted At","Band","Frequency (MHz)","Mode","Setup","My Grid","Their Grid","RST Sent","RST Received","Notes","Pocket QSO Encoding"
"F9DEBA99-7D19-45BE-9777-544D0E6933B2","OM0ET","2026-08-24T17:50:55.243Z","20m","14.316","USB","AMNVOLT ATS-mini V4 w/ Reel","JO11UN","","","","","spreadsheet-safe-v1"
"B8980864-ADA9-43A0-AABA-4C1582B3BE86","II7MGBA","2026-08-24T17:39:11.914Z","20m","14.215","USB","AMNVOLT ATS MINI V4 w/ Reel","JO11UN","","","","","spreadsheet-safe-v1"
"DEA43004-1468-42C9-95AE-722E96DAF175","SP7QAA","2026-08-24T17:38:42.141Z","20m","14.215","USB","AMNVOLT ATS MINI V4 w/ Reel","JO11UN","","","","","spreadsheet-safe-v1"
"FD26CD42-2AA3-465D-A4A4-940CE7A56001","BROADCAST","2026-08-24T11:09:35.700Z","","15.770","AM","Tecsun PL-330 w/ Whip","JO11UN","","","","WRMI Radio Miami Int. from Okeechobee, FL (WYFR)","spreadsheet-safe-v1"
"93F1A5CC-2A7E-4982-B214-0377B1C137BD","BROADCAST","2026-08-24T11:06:02.054Z","","15.730","AM","Tecsun PL-330 w/ Whip","JO11UN","","","","Iran Int. TV in Iranian Persian from Sofia
mixed quality","spreadsheet-safe-v1"
"96459174-5347-414A-B5D3-9B7D1818F576","BROADCAST","2026-08-24T10:56:54.253Z","","15.250","AM","Tecsun PL-330 w/ Whip","JO11UN","","","","Radio Romania Int. in French from Galbeni
Last minutes heard very good quality","spreadsheet-safe-v1"
"B70608D4-8C5C-4D71-BC90-94D6E1968747","BROADCAST","2026-07-30T10:44:34.749Z","","17.740","AM","RTL-SDR V4 Stock Antenna (V) w/ SDRPP","JN47CG","","4","","Voice of Turkey French from Emirler","spreadsheet-safe-v1"
"1F748893-3D17-4496-9E7F-CC39B1979DCF","BROADCAST","2026-07-30T10:39:46.339Z","","17.570","AM","RTL-SDR V4 Stock Antenna (V) w/ SDRPP","JN47CG","","4","","China Radio International Hungarian Kashi-saibagh","spreadsheet-safe-v1"
"FA5A9BC7-81EC-45AB-9ABB-65D67486C56B","BROADCAST","2026-07-30T10:29:54.614Z","","17.490","AM","RTL-SDR V4 Stock Antenna (V) w/ SDRPP","JN47CG","","4","","Radio China Int. English from Kashi-saibagh","spreadsheet-safe-v1"
"E0326F84-1E3B-408E-8EB1-EABE4A0E5336","BROADCAST","2026-07-30T10:21:54.895Z","","15.730","AM","RTL-SDR V4 Stock Antenna (V) w/ SDRPP","JN47CG","","3","","Iran Int. TV in Iranian-Persian from Sofia-Kostinbrod","spreadsheet-safe-v1"
"1FD407D6-5B80-4C8C-A798-AB081D82EAC9","BROADCAST","2026-07-30T10:18:10.905Z","","15.250","AM","RTL-SDR V4 Stock Antenna (V) w/ SDRPP","JN47CG","","4","","Radio Romania Int. FRENCH from Galbeni","spreadsheet-safe-v1"
"e087b9b7-8308-4581-9bd7-a57798b4190c","DJ0LE","2026-02-13T16:28:00.000Z","40m","","LSB","ATS MINI V4 Whip","JN46HI","","","","","spreadsheet-safe-v1"
"47721e6c-867d-4ef3-9566-1f9781db1161","IW0FGX","2026-02-13T15:52:00.000Z","40m","","LSB","ATS MINI V4","JN46HI","","","","","spreadsheet-safe-v1"
"e140298d-2298-4130-81fc-bf6838123d8b","ON4WIX","2026-02-13T15:25:00.000Z","40m","","LSB","ATS MINI V4","JN46HI","","","","Whip antenna","spreadsheet-safe-v1"
"c399c876-e568-4fee-8f0b-688c86ef304a","VOLMET","2026-02-12T20:45:00.000Z","","5.450","USB","Rigi SDR","","","59","","RAF Volmet","spreadsheet-safe-v1"
"075d4994-7933-47b9-b5a2-ff9308417ba0","VOLMET","2026-02-12T20:23:00.000Z","","5.505","USB","Rigi SDR","","","58","","Shannon Volmet","spreadsheet-safe-v1"
"eb20454f-3fc2-4054-88d5-fdad58b3b84a","MWARA","2026-02-12T20:22:00.000Z","","5.616","USB","Rigi SDR","","","","","some voice","spreadsheet-safe-v1"
"b8d46cda-3e6d-461c-910d-7bc2dc8c65e3","MWARA","2026-02-12T20:18:00.000Z","","5.670","USB","Rigi SDR","","","","","some voice in english after preamble","spreadsheet-safe-v1"
"439b98a3-aca4-474c-a64a-fac44c055d76","VOLMET","2026-02-12T20:07:00.000Z","","6.617","USB","Rigi SDR","","","","","Rostov/StPtrbrg Volmet","spreadsheet-safe-v1"
"ea4bef6c-60e4-461c-8d1a-cbf69d30e427","M6YJD","2026-02-12T20:02:00.000Z","40m","","LSB","Rigi SDR","","","","","","spreadsheet-safe-v1"
"564ba578-5c4f-43b3-8621-e6e701c6d02f","IU1WFE","2026-02-12T20:01:00.000Z","40m","","LSB","Rigi SDR","","","","","","spreadsheet-safe-v1"
"a4312a9d-b261-495f-8baa-29d361a2cd62","VOLMET","2026-01-31T20:03:00.000Z","","5.450","USB","Rigi SDR","","","","","RAF Volmet","spreadsheet-safe-v1"
"f33e5cff-91e9-4907-8c91-be789c1456ce","IV3KPC","2026-01-31T20:01:00.000Z","80m","","LSB","Rigi SDR","","","","","","spreadsheet-safe-v1"
"5ab9a2dc-7aaa-44b4-8006-afe3b9e7da58","VOLMET","2026-01-31T20:01:00.000Z","","5.505","USB","Rigi SDR","","","","","Shannon volmet","spreadsheet-safe-v1"
"22c5a452-b3ab-43b6-a73f-d45ab1e6ecf4","ON8AJH","2026-01-31T19:54:00.000Z","80m","","LSB","Rigi SDR","","","","","Cq uba contest","spreadsheet-safe-v1"
"3be195e2-562c-4a59-baf8-cf755a80b934","HB9TRY","2026-01-31T19:49:00.000Z","40m","","LSB","Rigi SDR","","","","","","spreadsheet-safe-v1"
"8ddf78b9-a9f3-4d49-ba88-083cfd50ccbc","ON7USB","2026-01-31T19:48:00.000Z","40m","","LSB","Rigi SDR","","","","","Uba contest","spreadsheet-safe-v1"
"3d7b0a0d-0774-4d9d-966b-ff7b754dae31","PD1F","2026-01-31T19:48:00.000Z","40m","","LSB","Rigi SDR","","","","","","spreadsheet-safe-v1"
"6a89f6a2-0759-4699-ba5f-f8c9a4a1c286","DK5OS","2026-01-31T19:47:00.000Z","40m","","LSB","Rigi SDR","","","","","","spreadsheet-safe-v1"
"2dc200bc-db18-4ffe-9567-aba8601249a1","ON6NL","2026-01-31T19:47:00.000Z","40m","","LSB","Rigi SDR","","","","","","spreadsheet-safe-v1"
"e7918ef3-303e-422a-9fdc-221f1ec6bcc2","ON6NL","2026-01-31T19:46:00.000Z","40m","","LSB","Rigi SDR","","","","","","spreadsheet-safe-v1"
"3a6c81be-05d0-42b1-bbe1-51fcc5d14ed2","ON3GEO","2026-01-31T19:45:00.000Z","40m","","LSB","Rigi SDR","","","","","","spreadsheet-safe-v1"
"0d167ecd-ce95-435e-8ae8-e8ac622ad12a","ON7USB","2026-01-31T19:43:00.000Z","40m","","LSB","Rigi SDR","","","","","Uba contest","spreadsheet-safe-v1"
"1a91293a-6db4-4879-96d6-d8b5bd0bfc2a","ON7USB","2026-01-31T19:40:00.000Z","40m","7.120","LSB","Rigi SDR","","","","","CQ contest uba contest","spreadsheet-safe-v1"
"49f1ec95-8ba9-4b52-a9cf-7f083600b6b6","LY9A","2026-01-31T19:38:00.000Z","40m","7.099","LSB","Rigi SDR","","","","","CQ contest","spreadsheet-safe-v1"
"c4f6299e-cf27-4114-bb76-ffff933173c5","SQ8SEP","2026-01-31T19:37:00.000Z","40m","7.088","LSB","Rigi SDR","","","","","","spreadsheet-safe-v1"
"7ef5347d-a96b-4785-bf7b-14390a3c176c","EG3WWA","2026-01-31T19:37:00.000Z","40m","7.088","LSB","Rigi SDR","","","","","","spreadsheet-safe-v1"
"ce2b8854-4b59-4f40-a3d6-a76d6b795965","EG3WWA","2026-01-31T19:36:00.000Z","40m","7.088","LSB","Rigi SDR","","","","","","spreadsheet-safe-v1"
"a50a0d11-aa6c-411a-a903-01ec0e4cfd66","SA7BSX","2026-01-31T19:36:00.000Z","40m","7.088","LSB","Rigi SDR","","","","","","spreadsheet-safe-v1"
"247be45d-08be-48e4-aba6-fca2d2d48bbd","9A6BL","2026-01-31T19:36:00.000Z","40m","7.088","LSB","Rigi SDR","","","","","","spreadsheet-safe-v1"
"5a68fc7b-fd0e-4ce6-b0e6-c85a24789939","M7YPK","2026-01-31T19:34:00.000Z","40m","7.088","LSB","Rigi SDR","","","","","","spreadsheet-safe-v1"
"14d3f34e-f0d5-477d-9803-a664fcd20827","PD0RVS","2026-01-31T19:34:00.000Z","40m","7.088","LSB","Rigi SDR","","","","","","spreadsheet-safe-v1"
"fc84fd59-e02b-49ad-bd4d-5fb81ed78dc0","PB0R","2026-01-31T19:33:00.000Z","40m","7.088","LSB","Rigi SDR","","","","","","spreadsheet-safe-v1"
"c11a1d3c-9092-4492-8067-a240d0b99287","PD7DVA","2026-01-31T19:33:00.000Z","40m","7.088","LSB","Rigi SDR","","","","","","spreadsheet-safe-v1"
"9a8875b9-07d9-44c3-9f31-89c2deacaa6e","SP2WS","2026-01-31T19:33:00.000Z","40m","7.088","LSB","Rigi SDR","","","","","","spreadsheet-safe-v1"
"e19e9e0c-61c2-4272-ac72-b17a02c8080e","EA4HRY","2026-01-31T19:32:00.000Z","40m","7.088","LSB","Rigi SDR","","","","","","spreadsheet-safe-v1"
"ba70b619-4255-4710-8853-5ce49fc348b1","TC3W","2026-01-31T19:32:00.000Z","40m","7.088","LSB","Rigi SDR","","","","","","spreadsheet-safe-v1"
"93edf86b-e0fb-460b-97cb-e8b55307222b","SP6IGO","2026-01-31T19:32:00.000Z","40m","7.088","LSB","Rigi SDR","","","","","","spreadsheet-safe-v1"
"bea9ab18-0304-48b9-a987-0a7759245457","EA4DTN","2026-01-31T19:31:00.000Z","40m","7.088","LSB","Rigi SDR","","","","","","spreadsheet-safe-v1"
"86830e8e-daa2-4c5d-becc-49af521b488e","EG3WWA","2026-01-31T19:30:00.000Z","40m","7.088","LSB","Rigi SDR","","","","","","spreadsheet-safe-v1"
"6612250e-8c2b-4b9e-9598-5e9e65a9f8db","EA1FWA","2026-01-31T19:30:00.000Z","40m","7.088","LSB","Rigi SDR","","","","","","spreadsheet-safe-v1"
"166b6321-23cb-4685-ae14-f00577b24fc6","SP2WS","2026-01-31T19:30:00.000Z","40m","7.088","LSB","Rigi SDR","","","","","","spreadsheet-safe-v1"
"001d377d-f814-4779-bac4-9d6f4e8c6210","HB9HUP","2026-01-31T19:30:00.000Z","40m","7.088","LSB","Rigi SDR","","","","","","spreadsheet-safe-v1"
"593b0e41-d9b2-401e-8920-bcf87b9377f0","DF4WD","2026-01-31T19:29:00.000Z","40m","7.088","LSB","Rigi SDR","","","","","","spreadsheet-safe-v1"
"4b734c3d-ae90-4318-a776-1c941301b5ad","DM1GI","2026-01-31T19:29:00.000Z","40m","7.088","LSB","Rigi SDR","","","","","","spreadsheet-safe-v1"
"10039101-5b9f-4b68-920c-1194ad29c7ca","DL3GB","2026-01-31T19:29:00.000Z","40m","7.088","LSB","Rigi SDR","","","","","","spreadsheet-safe-v1"
"0f6153b7-8381-4ed0-9419-faa577bbec98","M0TIK","2026-01-31T19:28:00.000Z","40m","7.088","LSB","Rigi SDR","","","","","","spreadsheet-safe-v1"
"c20dc5d4-ca84-4a97-a24f-768076e3d2cb","F4IBR","2026-01-31T19:27:00.000Z","40m","7.088","LSB","Rigi SDR","","","","","","spreadsheet-safe-v1"
"ed79b72b-d74f-4b5f-8473-dc73cbba6c8d","M9RLL","2026-01-31T19:26:00.000Z","40m","","LSB","Rigi SDR","","","","","","spreadsheet-safe-v1"
"b645c920-7295-4342-83e2-5bca41bb2c30","EG3WWA","2026-01-31T19:26:00.000Z","40m","","LSB","Rigi SDR","","","","","","spreadsheet-safe-v1"
"148cfad6-8b0e-4cba-9d87-4f8055a67b8f","M7IHG","2026-01-31T19:25:00.000Z","40m","","LSB","Rigi SDR","","","","","","spreadsheet-safe-v1"
"0ce43b34-65ff-4d5f-a16d-b58e08ae65c7","DL7KB","2026-01-31T19:25:00.000Z","40m","","LSB","Rigi SDR","","","","","","spreadsheet-safe-v1"
"866b155d-a2bc-48d8-bdd4-d6f2298ab46a","DL7GER","2026-01-31T19:24:00.000Z","40m","","LSB","Rigi SDR","","","","","","spreadsheet-safe-v1"
"41939f37-ff64-4c01-913c-8b59cd6ecb9b","EG3WWA","2026-01-31T19:24:00.000Z","40m","","LSB","Rigi SDR","","","","","","spreadsheet-safe-v1"
"fb3ba2c6-f62e-4d19-b729-28f660fd01ac","M8KPD","2026-01-31T19:23:00.000Z","40m","","LSB","Rigi SDR","","","","","","spreadsheet-safe-v1"
"b3d63bc0-8d3e-48d3-b3cb-25635b96ea96","EG3WWA","2026-01-31T19:22:00.000Z","40m","","LSB","Rigi SDR","","","","","","spreadsheet-safe-v1"
"6e40faf6-d78c-43a9-b2af-5f43b2e72cb3","F4ACR","2026-01-31T19:22:00.000Z","40m","","LSB","Rigi SDR","","","","","","spreadsheet-safe-v1"
"cad93fbc-a6e0-457e-b9f8-7b7f6974f7a8","DK9AT","2026-01-31T19:21:00.000Z","40m","","LSB","Rigi SDR","","","","","","spreadsheet-safe-v1"
"22e44b54-93ca-4c5c-89f1-551603b27fdc","DK9AT","2026-01-31T19:20:00.000Z","40m","","LSB","Rigi SDR","","","","","","spreadsheet-safe-v1"
"40fa75be-c6e6-4ea2-8d4d-0889482d7aa3","DL5IC","2026-01-31T19:19:00.000Z","40m","","LSB","Rigi SDR","","","","","","spreadsheet-safe-v1"
"0c21ed00-53fb-456e-9629-51bb72e4eb2e","OR7G","2026-01-31T19:16:00.000Z","40m","7.151","LSB","Rigi SDR","","","","","CQ contest","spreadsheet-safe-v1"
"a67d2179-4547-4620-b220-159148a87e7e","F4FFH","2026-01-31T19:15:00.000Z","40m","","LSB","Rigi SDR","","","","","Contest","spreadsheet-safe-v1"
"7a981146-0683-4fb0-9f8e-a0551bfb5ca5","PIRATES","2026-01-31T16:54:00.000Z","","6.640","LSB","ATS MINI V4","JN47CG","","","","dutch speaking","spreadsheet-safe-v1"
"6d324482-dccf-4906-bf18-9db207f8379d","PIRATES","2026-01-31T16:53:00.000Z","","6.650","LSB","ATS MINI V4","JN47CG","","","","french speaking","spreadsheet-safe-v1"
"6cf4741d-1f06-4bf2-88a0-cbf9f15f509d","PIRATES","2026-01-31T16:50:00.000Z","","6.670","LSB","ATS MINI V4","JN47CG","","","","french speaking","spreadsheet-safe-v1"
"0615ea52-a5ba-4aa8-846f-f0297565243e","PIRATES","2026-01-31T16:49:00.000Z","","6.950","LSB","ATS MINI V4","JN47CG","","","","french just below 40m","spreadsheet-safe-v1"
"514905bc-052b-4878-907b-4ddd600a321a","ON8SS","2026-01-31T16:44:00.000Z","40m","","LSB","ATS MINI V4","JN47CG","","","","","spreadsheet-safe-v1"
"775cd5ae-8c2b-43a0-9e89-984f7ef5396b","IU1RVZ","2026-01-31T16:41:00.000Z","40m","","LSB","ATS MINI V4","JN47CG","","","","","spreadsheet-safe-v1"
"418425d8-cc7c-49ef-8d23-c094599af5ab","DJ3GE","2026-01-31T16:40:00.000Z","40m","","LSB","ATS MINI V4","JN47CG","","","","","spreadsheet-safe-v1"
"08212ca7-4466-4dc4-b4c0-b39449bbc5c8","IU8RIA","2026-01-31T16:39:00.000Z","40m","","LSB","ATS MINI V4","JN47CG","","","","","spreadsheet-safe-v1"
"bc66bfb0-9a07-411a-9022-f4b8796bea3d","IK8UND","2026-01-31T16:38:00.000Z","40m","","LSB","ATS MINI V4","JN47CG","","","","they portable","spreadsheet-safe-v1"
"7d2597a3-4bff-45de-a8e4-ad4a40bae604","LY5G","2026-01-31T16:38:00.000Z","40m","","LSB","ATS MINI V4","JN47CG","","","","","spreadsheet-safe-v1"
"6a2e36e4-a0b8-4703-9fca-5d51f016686c","F4GTT","2026-01-31T16:37:00.000Z","40m","","LSB","ATS MINI V4","JN47CG","","","","uba contest 107","spreadsheet-safe-v1"
"88bef782-b6e4-4adf-8aad-307e26489078","DL1YEG","2026-01-31T16:36:00.000Z","40m","","LSB","ATS MINI V4","JN47CG","","","","016","spreadsheet-safe-v1"
"006a9efb-99fe-414c-816b-27424288bedc","HA2VH","2026-01-31T16:35:00.000Z","40m","","LSB","ATS MINI V4","JN47CG","","","","","spreadsheet-safe-v1"
"1bb81f31-8974-49bb-99bc-788299c829ad","F4GTT","2026-01-31T16:34:00.000Z","40m","","LSB","ATS MINI V4","JN47CG","","","","contest 107","spreadsheet-safe-v1"
"7c227148-7ef8-486c-af47-b209b7f06858","IU8RIA","2026-01-31T16:33:00.000Z","40m","","LSB","ATS MINI V4","JN47CG","","","","contest","spreadsheet-safe-v1"
"ad1bb8dd-aa73-44b4-8a42-8d95287b550a","IU8RIA","2026-01-31T16:32:00.000Z","40m","","LSB","ATS MINI V4","JN47CG","","","","","spreadsheet-safe-v1"
"3819ec41-4651-474e-8631-2762619792c4","S51CK","2026-01-31T16:32:00.000Z","40m","","LSB","ATS MINI V4","JN47CG","","","","","spreadsheet-safe-v1"
"2819338d-7100-42cb-b48f-82d048aabc17","HG8W","2026-01-31T16:32:00.000Z","40m","","LSB","ATS MINI V4","JN47CG","","","","","spreadsheet-safe-v1"
"19e0e84d-bbe0-4135-bba1-11b5ecedade7","LM2CX","2026-01-31T16:31:00.000Z","40m","","LSB","ATS MINI V4","JN47CG","","","","","spreadsheet-safe-v1"
"cf8c9a84-05d5-4b89-bc9e-2c8501ab38c7","F6BKZ","2026-01-31T16:30:00.000Z","40m","","LSB","ATS MINI V4","JN47CG","","","","","spreadsheet-safe-v1"
"7f739b8e-7914-4716-9786-62f9f8ca80d7","S51CK","2026-01-31T16:30:00.000Z","40m","","LSB","ATS MINI V4","JN47CG","","","","contest","spreadsheet-safe-v1"
"7d4b15a1-7114-438f-be05-56175b478492","Q3YNK","2026-01-31T16:30:00.000Z","40m","","LSB","ATS MINI V4","JN47CG","","","","","spreadsheet-safe-v1"
"c9cf260f-8f50-4fee-a410-2ef3cf9132b6","M9INN","2026-01-31T16:29:00.000Z","40m","","LSB","ATS MINI V4","JN47CG","","","","","spreadsheet-safe-v1"
"113fbd3a-e53e-4389-bd9b-451e5cb7c2c9","S51CK","2026-01-31T16:29:00.000Z","40m","","LSB","ATS MINI V4","JN47CG","","","","","spreadsheet-safe-v1"
"a2d72ae6-259e-4293-8dae-279f446b3b22","IQ1BD","2026-01-31T16:26:00.000Z","40m","","LSB","ATS MINI V4","JN47CG","","","","","spreadsheet-safe-v1"
"7e762f38-3014-4776-aeb4-fdfd873caeb5","G8OLA","2026-01-31T16:25:00.000Z","40m","","LSB","ATS MINI V4","JN47CG","","","","","spreadsheet-safe-v1"
"6a760b8f-00b1-419f-a5e1-22c379b21b21","PATG","2026-01-31T16:25:00.000Z","40m","","LSB","ATS MINI V4","JN47CG","","","","","spreadsheet-safe-v1"
"cbf652a3-a64f-41ce-b69a-725fedd692bd","S53M","2026-01-31T16:24:00.000Z","40m","","LSB","ATS MINI V4","JN47CG","","","","contest","spreadsheet-safe-v1"
"4d4454a1-ce55-415f-b717-4393cbf7d38f","HB9CCS","2026-01-31T16:24:00.000Z","40m","","LSB","ATS MINI V4","JN47CG","","","","","spreadsheet-safe-v1"
"764b8717-3ea0-4767-b6a3-7a29ad1547a2","PA3EWR","2026-01-31T16:23:00.000Z","40m","","LSB","ATS MINI V4","JN47CG","","","","","spreadsheet-safe-v1"
"3deb8528-48ef-456e-994e-e1e993593eb0","S53M","2026-01-31T16:22:00.000Z","40m","","LSB","ATS MINI V4","JN47CG","","","","contest","spreadsheet-safe-v1"
"fa95d4ce-0045-426d-9386-1ca66ac75e5c","PA6F","2026-01-31T16:21:00.000Z","40m","","LSB","ATS MINI V4","JN47CG","","","","","spreadsheet-safe-v1"
"c13e2198-7849-43b5-ab8b-f6e0bfe44421","SN7R","2026-01-31T16:21:00.000Z","40m","","LSB","ATS MINI V4","JN47CG","","","","","spreadsheet-safe-v1"
"72f6a1c2-12ca-4e1f-b031-93980643b2b3","DD1SB","2026-01-31T16:21:00.000Z","40m","","LSB","ATS MINI V4","JN47CG","","","","","spreadsheet-safe-v1"
"438b9656-7d63-4d7e-a30b-373e0dc719d0","DL1YEG","2026-01-31T16:21:00.000Z","40m","","LSB","ATS MINI V4","JN47CG","","","","","spreadsheet-safe-v1"
"5d5edf2b-ab3c-48bf-a5c8-a64b0d25151c","LA1K","2026-01-31T15:40:00.000Z","40m","","LSB","ATS MINI V4","JN47CG","","","","","spreadsheet-safe-v1"
"96564238-a670-44a5-90e6-bf7ef21edb4e","IK4RKY","2026-01-31T15:39:00.000Z","40m","","LSB","ATS MINI V4","JN47CG","","","","","spreadsheet-safe-v1"
"29de1e8b-845d-46ea-ad62-59631a3737b3","4U1A","2026-01-31T15:39:00.000Z","40m","","LSB","ATS MINI V4","JN47CG","","","","","spreadsheet-safe-v1"
"f87af282-2daf-44a3-94ce-1283067a2031","PIRATES","2026-01-12T16:24:00.000Z","","9.370","USB","Tecsun PL 330","JN47CG","","","","Bruno Mars music","spreadsheet-safe-v1"
"d1a6aee0-24e8-4ee7-9fbc-283dbeb1499b","OZ1IWT","2026-01-03T21:04:00.000Z","80m","","LSB","Tecsun PL 330","JN47CG","","","","","spreadsheet-safe-v1"
"e2104fa3-3c27-4d1e-bf7d-11f13db24950","II6WWA","2026-01-03T21:03:00.000Z","80m","","LSB","Tecsun PL 330","JN47CG","","","","","spreadsheet-safe-v1"
"49e573a8-a96e-4e4e-ad27-c8d6a0c46fd6","DO7MK","2026-01-03T20:56:00.000Z","80m","","LSB","Tecsun PL 330","JN47CG","","","","","spreadsheet-safe-v1"
"46658a49-450e-4f20-b04c-172a8eedb552","S56B","2026-01-03T20:55:00.000Z","80m","","LSB","Tecsun PL 330","JN47CG","","","","","spreadsheet-safe-v1"
"430e68f3-0c13-4bfc-ae00-e06a34f32e96","ON2ZX","2026-01-03T20:54:00.000Z","80m","","LSB","Tecsun PL 330","JN47CG","","","","","spreadsheet-safe-v1"
"824e1681-b892-47bf-9b30-3ccdfee4b385","ON4SM","2026-01-03T20:53:00.000Z","80m","","LSB","Tecsun PL 330","JN47CG","","","","","spreadsheet-safe-v1"
"359642e4-a265-4760-876b-9f04f8e52295","DO9HC","2026-01-03T20:51:00.000Z","80m","","LSB","Tecsun PL 330","JN47CG","","","","","spreadsheet-safe-v1"
"be77355a-278b-49ef-98f6-adc7d1a0bcc5","HB9CVQ","2026-01-03T20:50:00.000Z","80m","","LSB","Tecsun PL 330","JN47CG","","","","","spreadsheet-safe-v1"
"3d1c1901-4882-43dd-908d-5d13554d76b5","HB9CVQ","2026-01-03T20:33:00.000Z","80m","","LSB","Tecsun PL 330","JN47CG","","","","","spreadsheet-safe-v1"
"3ba71848-8624-457e-91f6-0ae17d6492f8","HB9CVQ","2026-01-03T20:28:00.000Z","80m","","LSB","Tecsun PL 330","JN47CG","","","","","spreadsheet-safe-v1"
"b1e02346-2572-4615-bdf9-bcad0b222da2","DL1MC","2026-01-03T20:19:00.000Z","40m","","LSB","Tecsun PL 330","JN47CG","","","","","spreadsheet-safe-v1"
"4bc49bb2-b311-47e4-87f6-65f40cd1d81e","E7W","2026-01-03T20:14:00.000Z","40m","","LSB","Tecsun PL 330","JN47CG","","","","","spreadsheet-safe-v1"
"ee9c1de9-b635-4c4e-bc79-9eca530148d8","PA1CYA","2026-01-03T20:13:00.000Z","40m","","LSB","Tecsun PL 330","JN47CG","","","","","spreadsheet-safe-v1"
"bd7c2371-1ac2-4ecc-8ace-dfff295f4f9f","E7W","2026-01-03T20:13:00.000Z","40m","","LSB","Tecsun PL 330","JN47CG","","","","","spreadsheet-safe-v1"
"75113020-b89c-40a9-b1e1-98d5e8d12afc","PD2WH","2026-01-03T20:12:00.000Z","40m","","LSB","Tecsun PL 330","JN47CG","","","","","spreadsheet-safe-v1"
"434642da-f9ac-45dc-86f7-3cde2d911fdc","EA5OJ","2026-01-03T20:05:00.000Z","40m","","LSB","Tecsun PL 330","JN47CG","","","","","spreadsheet-safe-v1"
"f603fc63-7847-42c8-82b7-d371d7c65728","OZ6PI","2026-01-03T20:00:00.000Z","40m","","LSB","Tecsun PL 330","JN47CG","","","","","spreadsheet-safe-v1"
"8b5628b3-2675-4960-b8c8-092a2625347e","RK6ANC","2026-01-03T19:59:00.000Z","40m","","LSB","Tecsun PL 330","JN47CG","","","","","spreadsheet-safe-v1"
"581db469-16bc-42cc-96bf-d6c10db2d4f2","TM1WWA","2026-01-03T19:58:00.000Z","40m","","LSB","Tecsun PL 330","JN47CG","","","","","spreadsheet-safe-v1"
"a74157dd-1a8f-47dd-8371-e317f68c02bf","DL0PRL","2026-01-03T19:57:00.000Z","40m","","LSB","Tecsun PL 330","JN47CG","","","","","spreadsheet-safe-v1"
"0875aa8e-f14a-4b27-95d6-be6b91caabf7","IW2CH","2026-01-03T19:57:00.000Z","40m","","LSB","Tecsun PL 330","JN47CG","","","","","spreadsheet-safe-v1"
"5d05f8a2-1067-45a3-8451-c626bc4ef60f","TM1WWA","2026-01-03T19:56:00.000Z","40m","","LSB","Tecsun PL 330","JN47CG","","","","","spreadsheet-safe-v1"
"eabe70cd-5985-4a5c-a91d-22a2b3780af6","SQ3M","2026-01-03T19:55:00.000Z","40m","","LSB","Tecsun PL 330","JN47CG","","","","","spreadsheet-safe-v1"
"7574d9fe-e893-452d-97a4-dfdf95d95215","DF4IAR","2026-01-03T19:54:00.000Z","40m","","LSB","Tecsun PL 330","JN47CG","","","","","spreadsheet-safe-v1"
"745bd9f3-7faa-4d25-b3d5-7c366300c741","TM1WWA","2026-01-03T19:54:00.000Z","40m","","LSB","Tecsun PL 330","JN47CG","","","","","spreadsheet-safe-v1"
"d3f5078a-5611-422f-949d-3fb6033a2325","LZ3ND","2026-01-03T19:53:00.000Z","40m","","LSB","Tecsun PL 330","JN47CG","","","","","spreadsheet-safe-v1"
"8dfb5396-c258-4150-b12e-0500dfd6cfc4","SP1WAG","2026-01-03T19:53:00.000Z","40m","","LSB","Tecsun PL 330","JN47CG","","","","","spreadsheet-safe-v1"
"6b81ed20-f9d6-4ba1-93f3-db602600a970","HB9IOI","2026-01-03T19:53:00.000Z","40m","","LSB","Tecsun PL 330","JN47CG","","","","","spreadsheet-safe-v1"
"d511564b-4e3e-4563-bc87-aa00195bd9d3","IW3GQC","2026-01-03T19:52:00.000Z","40m","","LSB","Tecsun PL 330","JN47CG","","","","","spreadsheet-safe-v1"
"a7661605-4abd-499e-9b99-f434b9c8f644","DF1NK","2026-01-03T19:52:00.000Z","40m","","LSB","Tecsun PL 330","JN47CG","","","","","spreadsheet-safe-v1"
"6b45d35b-a06e-46df-b36b-9bc721e0b9e8","IU2UEQ","2026-01-03T19:51:00.000Z","40m","","LSB","Tecsun PL 330","JN47CG","","","","","spreadsheet-safe-v1"
"5773f91a-e6b2-4785-a742-0c6ebf5abc8f","CT7HBW","2026-01-03T19:50:00.000Z","40m","","LSB","Tecsun PL 330","JN47CG","","","","","spreadsheet-safe-v1"
"2b8cf7f3-1c9c-474c-9a2c-e9bf54eb9eee","SQ3Y","2026-01-03T19:49:00.000Z","40m","","LSB","Tecsun PL 330","JN47CG","","","","","spreadsheet-safe-v1"
"3bbec846-05c3-4bb5-a2a3-dd0b895cbe5e","DG0LFT","2026-01-03T19:48:00.000Z","40m","","LSB","Tecsun PL 330","JN47CG","","","","","spreadsheet-safe-v1"
"333a9ea0-852d-4740-9129-fa379e2e567e","AFEIZ4","2026-01-03T19:47:00.000Z","40m","","LSB","Tecsun PL 330","JN47CG","","","","","spreadsheet-safe-v1"
"1f702975-2ab9-4a80-a106-f0dc61b316c3","R7BI","2026-01-03T19:46:00.000Z","40m","","LSB","Tecsun PL 330","JN47CG","","","","","spreadsheet-safe-v1"
"9a0c7f68-a538-4ea7-aec5-62b8fca68ca9","EA7KGJ","2026-01-03T19:45:00.000Z","40m","","LSB","Tecsun PL 330","JN47CG","","","","","spreadsheet-safe-v1"
"a660ee97-fbda-4f8d-9118-6317ed3dd4d9","EA1RAL","2026-01-03T19:44:00.000Z","40m","","LSB","Tecsun PL 330","JN47CG","","","","","spreadsheet-safe-v1"
"341b16e6-d394-494d-862c-ac04c1929d17","SQ3RAX","2026-01-03T19:44:00.000Z","40m","","LSB","Tecsun PL 330","JN47CG","","","","","spreadsheet-safe-v1"
"4dc85c11-5afe-4b39-8b77-0549d7b20933","DL4CQ","2026-01-03T19:43:00.000Z","40m","","LSB","Tecsun PL 330","JN47CG","","","","","spreadsheet-safe-v1"
"fdf5f8a9-e265-41f6-ba42-7528b3560a92","EA3IJT","2026-01-03T19:40:00.000Z","40m","","LSB","Tecsun PL 330","JN47CG","","","","","spreadsheet-safe-v1"
"99ccc17d-79d0-45a4-812a-6ddcb441c720","PA3DP","2026-01-03T19:40:00.000Z","40m","","LSB","Tecsun PL 330","JN47CG","","","","","spreadsheet-safe-v1"
"387a54ce-5624-4939-82de-0bc90759a74f","IK0NMJ","2026-01-03T19:40:00.000Z","40m","","LSB","Tecsun PL 330","JN47CG","","","","","spreadsheet-safe-v1"
"a1a73eac-c3e2-4957-a73c-9e25012365b5","TM1WWA","2026-01-03T19:39:00.000Z","40m","","LSB","Tecsun PL 330","JN47CG","","","","","spreadsheet-safe-v1"
"0528a5b2-7e32-4214-8d93-fcc31419b880","PC5C","2026-01-03T19:35:00.000Z","40m","","LSB","Tecsun PL 330","JN47CG","","","","","spreadsheet-safe-v1"
"eddebf11-1d9f-4841-b963-d5af8109b40b","3Z7IOK","2026-01-03T13:46:00.000Z","20m","","USB","Tecsun PL 330","JN47CG","","","","","spreadsheet-safe-v1"
"2445466d-f0c6-4467-bfe5-4c274f7471a0","IQ9MQ","2026-01-03T13:42:00.000Z","20m","","USB","Tecsun PL 330","JN47CG","","","","","spreadsheet-safe-v1"
"63b2b9ae-b526-4094-9d10-67b66bee1c85","G1RUE","2026-01-03T13:41:00.000Z","20m","","USB","Tecsun PL 330","JN47CG","","","","","spreadsheet-safe-v1"
"ad66c229-2796-4d71-b4a4-46a54e3b1f13","EA2EZ","2026-01-03T13:28:00.000Z","20m","","USB","Tecsun PL 330","JN47CG","","","","","spreadsheet-safe-v1"
"3a8fd961-17a3-4f50-817e-1d28a7f644d3","II1WWA","2026-01-03T13:27:00.000Z","20m","","USB","Tecsun PL 330","JN47CG","","","","","spreadsheet-safe-v1"
"3ee3e58e-4093-48ce-90a2-032444dff4fc","IT9APW","2026-01-03T13:26:00.000Z","20m","","USB","Tecsun PL 330","JN47CG","","","","","spreadsheet-safe-v1"
"fd6d4c69-277a-47c3-a780-640902090c5a","HA7KLA","2026-01-03T13:25:00.000Z","20m","","USB","Tecsun PL 330","JN47CG","","","","","spreadsheet-safe-v1"
"e55f1e76-c3ed-4176-95c7-9ae3b8613a67","EA1DZ","2026-01-03T13:23:00.000Z","20m","","USB","Tecsun PL 330","JN47CG","","","","","spreadsheet-safe-v1"
"b10b3976-6d18-43c9-b3e4-a44ca01d43d6","SV2SKU","2026-01-03T13:20:00.000Z","20m","","USB","Tecsun PL 330","JN47CG","","","","","spreadsheet-safe-v1"
"e1578a36-86ae-4a9d-b1ca-d047b81420a2","IW8RPQ","2026-01-03T13:19:00.000Z","20m","","USB","Tecsun PL 330","JN47CG","","","","","spreadsheet-safe-v1"
"ec97b826-ec04-4d9a-9015-b79a81f6e147","HB9WWA","2026-01-03T13:18:00.000Z","20m","","USB","Tecsun PL 330","JN47CG","","","","","spreadsheet-safe-v1"
"d39f7903-7f08-4f9e-a57f-0644e59d68da","SP5AMT","2026-01-03T13:17:00.000Z","20m","","USB","Tecsun PL 330","JN47CG","","","","","spreadsheet-safe-v1"
"6c42210b-3978-4140-bf7b-c7ce2d489c2a","SP3PW","2026-01-03T13:17:00.000Z","20m","","USB","Tecsun PL 330","JN47CG","","","","","spreadsheet-safe-v1"
"13183e1a-28df-4913-8215-95163b25d63a","EA1IPR","2026-01-03T13:17:00.000Z","20m","","USB","Tecsun PL 330","JN47CG","","","","","spreadsheet-safe-v1"
"285038bf-2eef-4ca1-9e46-9a47125d4879","HB9WWA","2026-01-03T13:15:00.000Z","20m","","USB","Tecsun PL 330","JN47CG","","","","","spreadsheet-safe-v1"
"a5a2848c-a6c6-42f3-ae4b-19dbc89270ce","IU1TKP","2026-01-03T13:14:00.000Z","20m","","USB","Tecsun PL 330","JN47CG","","","","","spreadsheet-safe-v1"
"9c0582a9-6f3d-4678-956c-958c88c1fcbf","F4JOY","2026-01-03T13:13:00.000Z","20m","","USB","Tecsun PL 330","JN47CG","","","","","spreadsheet-safe-v1"
"98259c97-09d6-4f72-b80a-41dac4e49251","SP9MAL","2026-01-03T13:13:00.000Z","20m","","USB","Tecsun PL 330","JN47CG","","","","","spreadsheet-safe-v1"
"cf2ff95d-f513-4b6d-9fa9-67a3e7205d2f","M8ILJ","2026-01-03T13:12:00.000Z","20m","","USB","Tecsun PL 330","JN47CG","","","","","spreadsheet-safe-v1"
"e0f35902-0e59-4c5e-bc6b-0a861ff3d743","CR6WWA","2026-01-03T13:09:00.000Z","20m","","USB","Tecsun PL 330","JN47CG","","","","","spreadsheet-safe-v1"
"b083cd23-b22e-48bd-a54a-1aff370fca9f","IZ3CIX","2026-01-03T13:09:00.000Z","20m","","USB","Tecsun PL 330","JN47CG","","","","","spreadsheet-safe-v1"
"a2a79bde-c3a8-46af-a01b-1d5a983f71a3","M7WUV","2026-01-03T13:09:00.000Z","20m","","USB","Tecsun PL 330","JN47CG","","","","","spreadsheet-safe-v1"
"0a73dc1d-6621-4963-ace0-9828e799fa4a","EC1KD","2026-01-03T13:07:00.000Z","20m","","USB","Tecsun PL 330","JN47CG","","","","","spreadsheet-safe-v1"
"132f8766-71ba-440f-be42-ffc8e59b3ac5","EA5JNN","2026-01-03T13:02:00.000Z","20m","","USB","Tecsun PL 330","JN47CG","","","","","spreadsheet-safe-v1"
"e60ee90d-1fdc-4538-8249-449f913ff81a","DC2HO","2026-01-03T13:01:00.000Z","20m","","USB","Tecsun PL 330","JN47CG","","","","","spreadsheet-safe-v1"
"e6fddc4f-f94f-4605-a521-c0b0aaa61561","GB1GBR","2026-01-03T13:00:00.000Z","20m","","USB","Tecsun PL 330","JN47CG","","","","","spreadsheet-safe-v1"
"d5daab5a-ea1f-483f-b9eb-a77b4639f64d","OK6AB","2026-01-03T13:00:00.000Z","20m","","USB","Tecsun PL 330","JN47CG","","","","","spreadsheet-safe-v1"
"8869d664-110e-43b1-a8e2-c425591b7e7b","LX3KR","2026-01-03T13:00:00.000Z","20m","","USB","Tecsun PL 330","JN47CG","","","","","spreadsheet-safe-v1"
"49ab5cb7-f30b-40de-83a7-c9c2bf7a0b2b","S51KZ","2026-01-03T13:00:00.000Z","20m","","USB","Tecsun PL 330","JN47CG","","","","","spreadsheet-safe-v1"
"2d3ef0fa-ef84-4484-b0b1-ce29e0d1c255","DL9KB","2026-01-03T13:00:00.000Z","20m","","USB","Tecsun PL 330","JN47CG","","","","","spreadsheet-safe-v1"
"e8efd49a-22dc-44ea-a274-101e2fb01434","GI5KSO","2026-01-03T12:53:00.000Z","20m","","USB","Tecsun PL 330","JN47CG","","","","","spreadsheet-safe-v1"
"2a614659-8edc-4701-9600-b4f992fb338a","SQ9ACH","2026-01-03T12:48:00.000Z","20m","","USB","Tecsun PL 330","JN47CG","","","","","spreadsheet-safe-v1"
"f76fdc57-839a-41f6-b947-4ac7ef590b2f","G6AD","2026-01-03T12:47:00.000Z","20m","","USB","Tecsun PL 330","JN47CG","","","","","spreadsheet-safe-v1"
"f851a610-c090-4688-9f6c-d9d2790f633c","M0CSI","2026-01-03T12:46:00.000Z","20m","","USB","Tecsun PL 330","JN47CG","","","","","spreadsheet-safe-v1"
"3314c13e-65f3-47a9-87ff-d2c1a8677f3b","I1NDB","2026-01-01T20:53:00.000Z","80m","","LSB","Tecsun PL 330","JN47CG","","","","","spreadsheet-safe-v1"
"8f140a76-2a7b-44d4-bd4a-39d460efbc12","9A5DAT","2026-01-01T20:52:00.000Z","80m","","LSB","Tecsun PL 330","JN47CG","","","","","spreadsheet-safe-v1"
"ca0177d8-a9cf-4d46-b0d8-3fc89655d27b","IW4ENE","2026-01-01T20:51:00.000Z","80m","","LSB","Tecsun PL 330","JN47CG","","","","","spreadsheet-safe-v1"
"f20ddbae-d35a-47ce-a5be-b7f785296440","DL0BX","2026-01-01T20:50:00.000Z","80m","","LSB","Tecsun PL 330","JN47CG","","","","","spreadsheet-safe-v1"
"c94999d4-9c04-4b7d-9f66-d0fe06d01f05","EA3PW","2026-01-01T20:50:00.000Z","80m","","LSB","Tecsun PL 330","JN47CG","","","","","spreadsheet-safe-v1"
"750776b2-a2bf-4b76-a740-bb2587074f73","EA6APW","2026-01-01T20:50:00.000Z","80m","","LSB","Tecsun PL 330","JN47CG","","","","","spreadsheet-safe-v1"
"52ba35a1-aede-4163-9e99-46b9fe23b2fd","IZ2QZH","2026-01-01T20:48:00.000Z","80m","","LSB","Tecsun PL 330","JN47CG","","","","","spreadsheet-safe-v1"
"47900a4f-612e-4585-a429-cfb8a2767da0","EA1DR","2026-01-01T20:47:00.000Z","80m","","LSB","Tecsun PL 330","JN47CG","","","","","spreadsheet-safe-v1"
"735fda96-250b-4369-8898-fbe26a9f81b5","MM0PHG","2026-01-01T20:46:00.000Z","80m","","LSB","Tecsun PL 330","JN47CG","","","","","spreadsheet-safe-v1"
"a03c4ac8-c415-41f4-ab7a-b6b10a7595ce","EA1EV","2026-01-01T20:45:00.000Z","80m","","LSB","Tecsun PL 330","JN47CG","","","","","spreadsheet-safe-v1"
"22033100-f62c-4e68-85ae-6e76b8729290","MM1OVK","2026-01-01T20:43:00.000Z","80m","","LSB","Tecsun PL 330","JN47CG","","","","","spreadsheet-safe-v1"
"1ae8d191-c806-41ba-9cfb-22b665982edf","ON7IO","2026-01-01T20:42:00.000Z","80m","","LSB","Tecsun PL 330","JN47CG","","","","","spreadsheet-safe-v1"
"d8c3ebc3-4520-4ae7-b8c7-56148bc24d85","OH1MLR","2026-01-01T20:41:00.000Z","80m","","LSB","Tecsun PL 330","JN47CG","","","","","spreadsheet-safe-v1"
"44f3bd22-5c5f-4e38-bcbb-14fb01c60f82","DL7AVP","2026-01-01T20:40:00.000Z","80m","","LSB","Tecsun PL 330","JN47CG","","","","","spreadsheet-safe-v1"
"b8907e10-e560-4dc6-8567-1bfd4e79245f","IW8ENN","2026-01-01T20:39:00.000Z","80m","","LSB","Tecsun PL 330","JN47CG","","","","","spreadsheet-safe-v1"
"43f08e12-c78b-407c-8452-194a4714db05","IW2OEF","2026-01-01T20:39:00.000Z","80m","","LSB","Tecsun PL 330","JN47CG","","","","","spreadsheet-safe-v1"
"1ae6c616-bc82-4a96-a5c1-9cd49a29ba86","IU4PTJ","2026-01-01T20:38:00.000Z","80m","","LSB","Tecsun PL 330","JN47CG","","","","","spreadsheet-safe-v1"
"075a8e0a-111f-4f90-a0ca-6410ab7e5883","DA0WWA","2026-01-01T20:38:00.000Z","80m","","LSB","Tecsun PL 330","JN47CG","","","","","spreadsheet-safe-v1"
"dd0b6d71-dcd3-478f-b205-7154d9a2a409","G0WSC","2026-01-01T20:37:00.000Z","80m","","LSB","Tecsun PL 330","JN47CG","","","","","spreadsheet-safe-v1"
"ff875489-abd1-42b3-aeb8-48bd04efbd1f","HB9IIH","2026-01-01T20:35:00.000Z","80m","","LSB","Tecsun PL 330","JN47CG","","","","","spreadsheet-safe-v1"
"c1af9f10-a229-4146-b63a-08dda49f7122","OP0WWA","2026-01-01T20:32:00.000Z","80m","","LSB","Tecsun PL 330","JN47CG","","","","","spreadsheet-safe-v1"
"cbf1db3e-6e3a-4bd1-bc85-702e21f79abe","ON5VN","2025-12-24T19:41:00.000Z","40m","","LSB","Tecsun PL 330","JN47CG","","","","","spreadsheet-safe-v1"
"6ba93ebe-17f3-41b4-bfa0-e951ab53c356","IK4ADE","2025-12-24T19:35:00.000Z","40m","","LSB","Tecsun PL 330","JN47CG","","","","","spreadsheet-safe-v1"
"f4963f17-3a54-414f-9d68-9547b2f5a2ee","G0VQO","2025-12-24T19:32:00.000Z","40m","","LSB","Tecsun PL 330","JN47CG","","","","","spreadsheet-safe-v1"
"c3c772f9-8aa1-42e3-9678-3d613a7a10d9","EA5BD","2025-12-24T19:30:00.000Z","40m","","LSB","Tecsun PL 330","JN47CG","","","","","spreadsheet-safe-v1"
"1a41f3cb-2580-4abe-8fbe-14330df0a0a9","DG7BST","2025-12-24T19:28:00.000Z","40m","","LSB","Tecsun PL 330","JN47CG","","","","","spreadsheet-safe-v1"
"860150ee-59b5-48fb-9c96-87f376820d57","TA2KN","2025-12-24T19:27:00.000Z","40m","","LSB","Tecsun PL 330","JN47CG","","","","","spreadsheet-safe-v1"
"14206b3a-83a1-4af7-920b-42960310dd16","YO6VSS","2025-12-24T19:25:00.000Z","40m","","LSB","Tecsun PL 330","JN47CG","","","","","spreadsheet-safe-v1"
"425e04f6-66aa-4351-90d3-cf255e24378f","9K2KO","2025-12-24T19:22:00.000Z","40m","","LSB","Tecsun PL 330","JN47CG","","","","","spreadsheet-safe-v1"
"05ad592c-21f7-4231-9083-dad48fb53155","VOLMET","2025-12-24T17:45:00.000Z","","8.957","USB","Tecsun PL 330","JN47CG","","","","Shannon Volmet","spreadsheet-safe-v1"
"3d3b0bc6-4392-433a-a261-4cc3268b24ee","MI0YBH","2025-12-24T17:20:00.000Z","40m","","LSB","Tecsun PL 330","JN47CG","","","","","spreadsheet-safe-v1"
"7cbc768c-1f2c-4eca-8d49-817d70e35dff","EI9HX","2025-12-24T17:17:00.000Z","40m","","LSB","Tecsun PL 330","JN47CG","","","","","spreadsheet-safe-v1"
"6e2aaff4-541a-46e1-832f-29bfa449a089","GM0EIT","2025-12-24T17:14:00.000Z","40m","","LSB","Tecsun PL 330","JN47CG","","","","","spreadsheet-safe-v1"
"6f5c5b78-893e-42d9-8efb-05ccbe7d68f9","HB9CVQ","2025-12-23T19:45:00.000Z","80m","","LSB","Tecsun PL 330","JN47CG","","","","","spreadsheet-safe-v1"
"c5182482-f897-4f14-a257-b0b97c889bad","DO5MST","2025-12-23T19:40:00.000Z","80m","","LSB","Tecsun PL 330","JN47CG","","","","","spreadsheet-safe-v1"
